Top pages,Clicks,Impressions,CTR,Position
https://antidote.fit/clinic/view/skinwise-9-1750439591,527,6040,8.73%,7.8
https://antidote.fit/,49,283,17.31%,2.51
https://antidote.fit/clinic/view/dr-pooja-reddy-skin-and-hair---tran,9,278,3.24%,6.19
https://antidote.fit/clinic/view/derma-pr-15-1750456614,8,310,2.58%,4.35
https://antidote.fit/clinic/view/dr-viveks-skin-and-hair-clinic,5,319,1.57%,8.78
https://antidote.fit/clinic/view/skinsere-2-1750438463,5,122,4.1%,5.02
https://antidote.fit/clinic/view/brunda-s-20-1750440694,4,218,1.83%,6.39
https://antidote.fit/clinic/view/arvin-cl-13-1750438551,4,138,2.9%,5.87
https://antidote.fit/clinic/view/dr-tupe--6-1750455246,3,213,1.41%,11.86
https://antidote.fit/clinic/view/skin-miracle-10-1750458392,3,141,2.13%,7.65
https://antidote.fit/clinic/view/niya-skin-clinic-|-best-skin-and-hair-cl,2,268,0.75%,5.96
https://antidote.fit/clinic/view/iskins-skin-and-hair-clinic,2,216,0.93%,5.79
https://antidote.fit/clinic/view/dr-neha-vani----19-1750461579,2,170,1.18%,11.25
https://antidote.fit/clinic/view/diksha-skin-clinic-d,2,146,1.37%,6.36
https://antidote.fit/clinic/view/symmetry-den-0-1750458656,2,90,2.22%,14.07
https://antidote.fit/clinic/view/truly-derma--16-1750459048,2,86,2.33%,7.16
https://antidote.fit/clinic/view/deepti-nadiminti-aesthetics-gachibowli,2,78,2.56%,7.58
https://antidote.fit/clinic/view/tc-aesthetic-17-1750458723,2,68,2.94%,5.79
https://antidote.fit/clinic/view/skinovations---rejuvenati-8-1750492351,2,65,3.08%,5.32
https://antidote.fit/clinic/view/pinnacle-hea-0-1750458598,2,58,3.45%,3.28
https://antidote.fit/clinic/view/skinnohair-a-15-1750459680,2,41,4.88%,7.9
https://antidote.fit/clinic/view/dr-moupi-13-1750438433,2,40,5%,10
https://antidote.fit/clinic/view/hair-revive-clinic-santosh-nag,2,38,5.26%,5.95
https://antidote.fit/clinic/view/dr.ch.srikanth,2,37,5.41%,5.65
https://antidote.fit/clinic/view/alc---skin-and-hair-studio,2,31,6.45%,8.16
https://antidote.fit/clinic/view/dr-susha-8-1750439491,2,30,6.67%,7.37
https://antidote.fit/signup,2,25,8%,32.04
https://antidote.fit/clinic/view/srinivasa-skin-and-v.d.cl,2,24,8.33%,5.08
https://antidote.fit/face-analysis/,2,19,10.53%,8.05
https://antidote.fit/clinic/view/shiv-dental--15-1750458353,2,13,15.38%,5.54
https://antidote.fit/clinic/view/faces-skin-and-hair-care,2,6,33.33%,5.5
https://antidote.fit/clinic/view/calyx-sk-22-1750438444,1,704,0.14%,9.98
https://antidote.fit/clinic/view/avah-skin-and-hair-clinic-khajaguda,1,490,0.2%,10.64
https://antidote.fit/clinic/view/glow-up----5-1750438360,1,484,0.21%,7.24
https://antidote.fit/clinic/view/dna-skin-c-7-1750438304,1,471,0.21%,7.9
https://antidote.fit/clinic/view/dr-keshavs-18-1750438365,1,387,0.26%,11.67
https://antidote.fit/clinic/view/looks-ha-23-1750438492,1,374,0.27%,1.43
https://antidote.fit/clinic/view/ziur---s-23-1750438613,1,282,0.35%,10.78
https://antidote.fit/clinic/view/dermasure-by-dr-dhyey-sha-18-1750492174,1,261,0.38%,10.24
https://antidote.fit/clinic/view/the-monk-spa,1,255,0.39%,8.56
https://antidote.fit/clinic/view/oliva-sk-10-1750438474,1,255,0.39%,11.58
https://antidote.fit/clinic/view/viswasa-skin---hair-clinic---dermat,1,245,0.41%,10.08
"https://antidote.fit/clinic/view/anoos-a-s-rao-nagar:-laser-hair-removal,",1,232,0.43%,8.56
https://antidote.fit/clinic/view/skin-lovers--5-1750457289,1,220,0.45%,6.8
https://antidote.fit/clinic/view/arshi-skin-and-hair-clinic---gachib,1,207,0.48%,12.2
https://antidote.fit/clinic/view/venkateswara-skin-&-,1,206,0.49%,10.18
https://antidote.fit/clinic/view/s-care-cosme-5-1750458676,1,205,0.49%,11.62
https://antidote.fit/clinic/view/dr-jay-m-5-1750455245,1,201,0.5%,34.64
https://antidote.fit/clinic/view/dr-sneha-ray-karmaka-0-1750490030,1,200,0.5%,11.61
https://antidote.fit/clinic/view/treta-derma-skin-and-2-1750461769,1,193,0.52%,5.36
https://antidote.fit/clinic/view/vanitha-child-care-and-skin-clinic,1,188,0.53%,6.72
https://antidote.fit/clinic/view/clariv---6-1750439290,1,182,0.55%,8.25
https://antidote.fit/clinic/view/august-s-21-1750438853,1,175,0.57%,14.97
https://antidote.fit/clinic/view/dr-showrya-gadde-dermatology-and-wellnes,1,167,0.6%,9.74
https://antidote.fit/clinic/view/thaya-body-spa-,1,139,0.72%,6.24
https://antidote.fit/clinic/view/vcare-hair-and-skin-clini,1,139,0.72%,9.07
https://antidote.fit/clinic/view/medaes-skin--1-1750457642,1,126,0.79%,10.07
https://antidote.fit/clinic/view/dr-abhilash-nali,1,124,0.81%,14.09
https://antidote.fit/clinic/view/eternal-radianc-9-1750460452,1,122,0.82%,8.86
https://antidote.fit/clinic/view/epidermc-16-1750455476,1,116,0.86%,9.95
https://antidote.fit/clinic/view/vrudhii--14-1750438601,1,114,0.88%,6.75
https://antidote.fit/clinic/view/dental-divin-12-1750459804,1,108,0.93%,10.84
https://antidote.fit/clinic/view/rejuvea-aesthetic-cl-7-1750489975,1,104,0.96%,11.12
https://antidote.fit/clinic/view/myra-skin--h-7-1750457804,1,102,0.98%,11.56
https://antidote.fit/clinic/view/aestheti-9-1750438728,1,101,0.99%,9.29
https://antidote.fit/clinic/view/cutis-hospital-,1,91,1.1%,18.08
https://antidote.fit/clinic/view/shree-trading-co--be-7-1750461815,1,88,1.14%,8.98
"https://antidote.fit/clinic/view/kaya-clinic---indiranagar,-ben",1,85,1.18%,9.33
https://antidote.fit/clinic/view/bio-revive-by-s-14-1750461077,1,84,1.19%,9.77
https://antidote.fit/clinic/view/dr-rajasekhar-madala---best-cosmetic-and-plastic-s,1,84,1.19%,12.05
https://antidote.fit/clinic/view/forever-living-products-a-11-1750491886,1,83,1.2%,7.93
https://antidote.fit/clinic/view/derma-hub-clinic-dr-azheel--skin-|-aesth,1,80,1.25%,10.3
https://antidote.fit/clinic/view/nn-derma-5-1750456343,1,78,1.28%,9.44
https://antidote.fit/clinic/view/dr-namra-3-1750455404,1,78,1.28%,10.81
https://antidote.fit/clinic/view/diwi-health--3-1750457742,1,75,1.33%,5.47
https://antidote.fit/clinic/view/layers-clinic---dils,1,74,1.35%,5.53
https://antidote.fit/clinic/view/elantis-aest-5-1750457990,1,74,1.35%,7.88
https://antidote.fit/clinic/view/zenith-aestheti,1,73,1.37%,7.66
https://antidote.fit/clinic/view/igraft-hair-transplant-cl,1,73,1.37%,7.95
https://antidote.fit/clinic/view/claris-derma---advanced-skin-h,1,70,1.43%,6.59
https://antidote.fit/clinic/view/the-bomb-5-1750456396,1,70,1.43%,11.61
https://antidote.fit/clinic/view/dr-vishal-chugh-13-1750492666,1,70,1.43%,17.26
https://antidote.fit/clinic/view/nsfa-academy-18-1750461903,1,69,1.45%,8.97
https://antidote.fit/clinic/view/mirai-skin--hair-clinic-0-1750491031,1,67,1.49%,12.42
https://antidote.fit/clinic/view/dr-geethika-vakati---breast-surgeon---on,1,66,1.52%,5.59
https://antidote.fit/clinic/view/dr-candy-gar-0-1750457156,1,66,1.52%,9.11
https://antidote.fit/clinic/view/zenith-aesthetic-care--arekere,1,65,1.54%,6.71
https://antidote.fit/clinic/view/derma-hub-clinic-dr-hiba-shakeer-skin---hair-,1,65,1.54%,7.12
https://antidote.fit/clinic/view/janak-the-be-11-1750459459,1,65,1.54%,10.4
https://antidote.fit/clinic/view/dr-syed-md---3-1750458369,1,64,1.56%,9.12
https://antidote.fit/clinic/view/k2-hair--6-1750438540,1,64,1.56%,9.75
https://antidote.fit/clinic/view/truly-permanent-beau-17-1750491242,1,62,1.61%,10.16
https://antidote.fit/clinic/view/skinesis-cli-10-1750458492,1,61,1.64%,13.82
https://antidote.fit/clinic/view/astra-supe-20-1750438366,1,61,1.64%,25.69
https://antidote.fit/clinic/view/dr-megha-4-1750455186,1,60,1.67%,4.23
https://antidote.fit/clinic/view/aryan-skin--hair-clinic-16-1750493264,1,60,1.67%,8.92
https://antidote.fit/clinic/view/shalom-multispe-14-1750461375,1,59,1.69%,6.03
https://antidote.fit/clinic/view/dr-m-v-chandramouli,1,59,1.69%,9.73
https://antidote.fit/clinic/view/heesha-skin--5-1750458279,1,58,1.72%,4.9
https://antidote.fit/clinic/view/dr.-madhu-sudhan-v---ent-docto,1,57,1.75%,9
https://antidote.fit/clinic/view/derma-elite--11-1750438207,1,55,1.82%,10.65
https://antidote.fit/clinic/view/cradle-of--6-1750438360,1,55,1.82%,11
https://antidote.fit/clinic/view/aestheti-11-1750439791,1,55,1.82%,13.51
https://antidote.fit/clinic/view/nirmala-skin-and-hair-clinic,1,54,1.85%,9
https://antidote.fit/clinic/view/dr-parvez-sk-11-1750458262,1,54,1.85%,12.96
"https://antidote.fit/clinic/view/nandini-clinics---best-skin,-hair,-diet-",1,53,1.89%,5
https://antidote.fit/clinic/view/dental-arc---6-1750459259,1,52,1.92%,13.38
https://antidote.fit/clinic/view/dr-mugdh-12-1750457046,1,51,1.96%,7.92
https://antidote.fit/clinic/view/newlife-surg-3-1750457617,1,50,2%,8.34
https://antidote.fit/clinic/view/green-surger-21-1750459124,1,49,2.04%,6.49
https://antidote.fit/clinic/view/fab-aest-3-1750455339,1,49,2.04%,10.08
https://antidote.fit/clinic/view/dr-komal-pah-2-1750458448,1,48,2.08%,12.19
https://antidote.fit/clinic/view/sanvi-plastic-surger-6-1750461698,1,47,2.13%,5.91
https://antidote.fit/clinic/view/dr-nisha-11-1750455524,1,47,2.13%,7.55
https://antidote.fit/clinic/view/dr-chari-12-1750456312,1,47,2.13%,9.98
https://antidote.fit/clinic/view/radiantt-esthetics-l-11-1750490809,1,46,2.17%,5.63
https://antidote.fit/clinic/view/kalp-aes-12-1750438431,1,46,2.17%,6.22
https://antidote.fit/clinic/view/medii-de-7-1750462737,1,45,2.22%,6.67
https://antidote.fit/clinic/view/sarayu-clini-21-1750460177,1,43,2.33%,11.16
https://antidote.fit/clinic/view/dr-kiran-gup-14-1750459421,1,43,2.33%,11.88
https://antidote.fit/clinic/view/dr-rajes-23-1750438446,1,42,2.38%,9.67
https://antidote.fit/clinic/view/dr-harin-8-1750438543,1,42,2.38%,12.43
https://antidote.fit/login,1,41,2.44%,4.59
https://antidote.fit/clinic/view/shifa-piles-cli,1,41,2.44%,9.17
https://antidote.fit/clinic/view/vlcc-beauty--18-1750459585,1,39,2.56%,6.85
https://antidote.fit/clinic/view/asha-dental--11-1750458546,1,38,2.63%,5.05
https://antidote.fit/clinic/view/c4u-aesthetics,1,38,2.63%,6.61
https://antidote.fit/clinic/view/daevishan-de-14-1750460005,1,37,2.7%,6.16
https://antidote.fit/clinic/view/studio-dentistr-3-1750460451,1,37,2.7%,6.32
https://antidote.fit/clinic/view/neoskin---madhapur-advanced-co,1,37,2.7%,9.76
https://antidote.fit/clinic/view/life-slimming-and-cosmetic-clinic-p,1,36,2.78%,10.25
https://antidote.fit/clinic/view/dr-nikit-9-1750456798,1,36,2.78%,11.81
https://antidote.fit/clinic/view/life-slimming-and-cosmetic-clinic--,1,34,2.94%,12.12
https://antidote.fit/clinic/view/drabeed--15-1750455530,1,32,3.12%,9.03
https://antidote.fit/clinic/view/dr-kansa-8-1750456697,1,32,3.12%,11.56
https://antidote.fit/clinic/view/dr-susha-0-1750455144,1,31,3.23%,7.1
https://antidote.fit/clinic/view/kosmoderma-skin-hair-body-clin,1,31,3.23%,11.16
https://antidote.fit/clinic/view/advance-skincity-15-1750492704,1,29,3.45%,6.93
https://antidote.fit/clinic/view/glow---skin--be-8-1750460352,1,28,3.57%,3.57
https://antidote.fit/clinic/view/health--glow-18-1750438210,1,26,3.85%,5.81
https://antidote.fit/clinic/view/siri-sanjana-skin-clinic,1,26,3.85%,6.31
https://antidote.fit/clinic/all?page=17,1,26,3.85%,9.38
https://antidote.fit/clinic/view/sriroop-cosmetic-surgery-and-c,1,25,4%,12.28
https://antidote.fit/clinic/view/dr-astha-sha-4-1750457842,1,24,4.17%,11.5
https://antidote.fit/clinic/view/beauty-g-10-1750456898,1,21,4.76%,6.71
https://antidote.fit/clinic/view/metamorp-15-1750455260,1,21,4.76%,9.05
https://antidote.fit/clinic/all?page=5,1,20,5%,9.25
https://antidote.fit/clinic/view/tritha-a-6-1750438697,1,19,5.26%,6.89
https://antidote.fit/clinic/view/osj-aest-21-1750457897,1,18,5.56%,13.39
https://antidote.fit/clinic/view/health---23-1750458375,1,17,5.88%,8.59
https://antidote.fit/clinic/view/your-v-c-12-1750455352,1,17,5.88%,10.29
https://antidote.fit/clinic/view/health-and-glow---hennur,1,16,6.25%,12.31
https://antidote.fit/clinic/view/remya-gupta-21-1750459497,1,15,6.67%,6.4
https://antidote.fit/clinic/view/dr-pooja-0-1750455678,1,15,6.67%,7.6
https://antidote.fit/clinic/view/neogenesis-hair--ski-13-1750490578,1,14,7.14%,6.57
https://antidote.fit/clinic/view/dr-santosh-reddy-mandadi---dermatol,1,14,7.14%,11.5
https://antidote.fit/clinic/view/accusmiles-d-16-1750458395,1,13,7.69%,3.69
https://antidote.fit/clinic/view/artistree-de-15-1750460106,1,13,7.69%,10.38
https://antidote.fit/clinic/view/derma-tricho-1-1750456946,1,12,8.33%,3.58
https://antidote.fit/clinic/view/savi-bin-7-1750438542,1,11,9.09%,7.09
https://antidote.fit/clinic/view/chopra-skin--13-1750458901,1,11,9.09%,9.64
https://antidote.fit/clinic/view/veekay-s-17-1750457548,1,11,9.09%,13.55
https://antidote.fit/clinic/view/sapphire-7-1750438469,1,10,10%,12.1
https://antidote.fit/clinic/view/arkal-dental-0-1750457100,1,8,12.5%,4.12
https://antidote.fit/clinic/view/azure-skin-laser--aesthet-12-1750492616,1,8,12.5%,5.38
https://antidote.fit/clinic/view/swa-asti-6-1750456162,1,8,12.5%,7.5
https://antidote.fit/packages/94,1,7,14.29%,9.71
https://antidote.fit/clinic/view/aesthetix-by-jyoti,1,5,20%,6.8
https://antidote.fit/clinic/view/dr-jayanta-kumar-sah-12-1750490848,1,5,20%,9.8
https://antidote.fit/community/thread/83,1,4,25%,4.25
https://antidote.fit/clinic/view/spencers-tolly-club-11-1750490996,1,4,25%,11
https://antidote.fit/clinic/view/surgikure--laser-treatmen-11-1750492953,1,3,33.33%,7
https://antidote.fit/packages/zoh-diamond-detox-facial,1,3,33.33%,8.33
https://antidote.fit/community/thread/162,1,3,33.33%,9.67
https://antidote.fit/clinic/view/phs-clinics-17-1750459023,1,3,33.33%,20.33
https://antidote.fit/clinic/view/dr-deepaks-d-10-1750459019,1,1,100%,1
https://antidote.fit/clinic/view/the-spri-6-1750456496,1,1,100%,15
https://antidote.fit/clinic/view/manipal--0-1750438634,0,590,0%,9.83
https://antidote.fit/clinic/view/dr-janet-a-14-1750438255,0,527,0%,11.87
https://antidote.fit/clinic/view/maynee-cosmetol-0-1750459548,0,477,0%,9.09
https://antidote.fit/clinic/view/drharsha-15-1750438554,0,461,0%,7.84
https://antidote.fit/clinic/view/iskin-cl-15-1750438481,0,429,0%,9.98
https://antidote.fit/clinic/view/rashmi-skin-and,0,418,0%,11.52
https://antidote.fit/clinic/view/aksh-skin--h-3-1750457511,0,376,0%,11.5
https://antidote.fit/clinic/view/sapphire-hospital-and-res-5-1750492323,0,366,0%,8.08
https://antidote.fit/clinic/view/kritash-skin-and-aesthetic-clinic,0,354,0%,10.4
https://antidote.fit/clinic/view/nilan-skin-clin-15-1750461373,0,336,0%,7.02
https://antidote.fit/clinic/view/rivo-ski-17-1750457319,0,322,0%,10.18
https://antidote.fit/clinic/view/maya-skin--hair-stud-6-1750490016,0,322,0%,10.73
https://antidote.fit/clinic/view/dr-punam-de---skin-s-4-1750490165,0,301,0%,9.5
https://antidote.fit/clinic/view/dr-anita-s-11-1750438362,0,286,0%,11.81
https://antidote.fit/clinic/view/anoos-habsiguda,0,284,0%,7.82
https://antidote.fit/clinic/view/feather-touch-a,0,279,0%,10.4
https://antidote.fit/clinic/view/dr-harshas-0-1750438302,0,277,0%,9.18
https://antidote.fit/clinic/view/rise-skin-and-hair-clinic-branch2,0,268,0%,8.01
https://antidote.fit/clinic/view/nova-skin-an-12-1750459091,0,267,0%,11.85
https://antidote.fit/clinic/view/dr-rethv-22-1750438491,0,260,0%,12
https://antidote.fit/clinic/view/cosme-skin-and-hair-clinic,0,254,0%,11.91
https://antidote.fit/clinic/view/animisha-dermatology-and-skin-,0,250,0%,7.95
https://antidote.fit/clinic/view/layers-clinics-|-kukatpal,0,244,0%,10.01
https://antidote.fit/clinic/view/akera----21-1750438561,0,241,0%,10.97
https://antidote.fit/clinic/view/avant-dermatology-and-aesthetics,0,234,0%,10.13
https://antidote.fit/clinic/view/vaama-skin--aestheti-5-1750461576,0,219,0%,10.27
https://antidote.fit/clinic/view/lrk-skinglow-clinics-and-hair-trans,0,213,0%,9.56
https://antidote.fit/clinic/view/skinovate-aesth,0,207,0%,7.53
https://antidote.fit/clinic/view/zoh-aesthetic-clinic---nallagandla-hyderabad,0,207,0%,9.47
https://antidote.fit/clinic/view/dermalis-5-1750438421,0,207,0%,10.81
https://antidote.fit/clinic/view/idha-skin-clini,0,199,0%,8.66
https://antidote.fit/clinic/view/dermal-b-20-1750438843,0,199,0%,9.07
https://antidote.fit/clinic/view/cleo-skin-and-hair-clinic---kukatpa,0,195,0%,11.08
https://antidote.fit/clinic/view/aura-skin-care,0,194,0%,6.06
https://antidote.fit/clinic/view/sai-snigdha-skin-and-chest-cli,0,193,0%,9.93
https://antidote.fit/clinic/view/dna-skin-clinic---skin-specialist-i,0,191,0%,10.38
https://antidote.fit/clinic/view/vcare-hair-and-,0,187,0%,9.52
https://antidote.fit/clinic/view/skin-stories-skin-and-hair-clinic--best-,0,186,0%,9.53
https://antidote.fit/clinic/view/skinomy-2-1750438584,0,179,0%,12.18
https://antidote.fit/clinic/view/evoluer-aesthetics--banjara-hills,0,177,0%,8.9
https://antidote.fit/clinic/view/ashok-best-healthcare-jai-18-1750492918,0,176,0%,11.56
https://antidote.fit/clinic/view/bliss-skin-hair-12-1750461301,0,174,0%,12.85
https://antidote.fit/clinic/view/krian-healthcare-formerly-dr.s,0,173,0%,8.81
https://antidote.fit/clinic/view/derma-sense--19-1750459866,0,173,0%,10.12
https://antidote.fit/clinic/all?page=2,0,172,0%,7.74
https://antidote.fit/clinic/view/provas---dermat-20-1750462269,0,172,0%,12.21
https://antidote.fit/community/thread/98,0,169,0%,84.88
https://antidote.fit/clinic/view/cosmediq-12-1750438549,0,166,0%,11.14
https://antidote.fit/clinic/view/vedanta-super-specialty-centre,0,163,0%,10.42
https://antidote.fit/clinic/view/dermiq-skin-and-hair-clinic-khajaguda,0,163,0%,12.88
https://antidote.fit/clinic/view/hk-permanent-makeup-clinic,0,163,0%,27.77
https://antidote.fit/clinic/view/skinnfit-4-1750438465,0,161,0%,18.86
https://antidote.fit/clinic/view/skin-pride-c-4-1750457418,0,157,0%,9.87
https://antidote.fit/clinic/view/skin-affair-clinic---dr-srujana-adabala,0,156,0%,9.51
https://antidote.fit/clinic/view/beautifu-10-1750457070,0,152,0%,7.24
https://antidote.fit/clinic/view/skinspir-23-1750438564,0,152,0%,8.55
https://antidote.fit/clinic/view/nyra-aes-23-1750440996,0,152,0%,9.15
https://antidote.fit/clinic/view/vcare-hair-and-skin-clinic--whitefield,0,152,0%,12.24
https://antidote.fit/clinic/view/the-celebrity-aesthetics---madhapur,0,150,0%,7.65
https://antidote.fit/clinic/view/kesari-s-15-1750438790,0,150,0%,9.51
https://antidote.fit/clinic/view/anoos-dilsukhnagar:-laser-hair,0,149,0%,7.81
https://antidote.fit/clinic/view/dermapod-20-1750438560,0,149,0%,10.97
https://antidote.fit/clinic/view/beeyens--11-1750438597,0,149,0%,12.63
https://antidote.fit/clinic/view/kolors-hea-14-1750438363,0,147,0%,12.38
https://antidote.fit/clinic/view/skin-avenue---dr-chinmai-yerram,0,145,0%,7.35
https://antidote.fit/clinic/view/medlinks-aes-5-1750457348,0,145,0%,15.08
https://antidote.fit/clinic/view/skinora-skin-and-hair-clinic,0,144,0%,8.13
https://antidote.fit/clinic/view/ansh-derma-centre-gachibowli---best-dermatologist-,0,144,0%,9.94
https://antidote.fit/clinic/view/dant-aarogyam-microendodo-1-1750491202,0,144,0%,11.49
https://antidote.fit/clinic/view/cozmo-bl-7-1750439390,0,142,0%,11.31
https://antidote.fit/clinic/view/dr-dhaya-13-1750455304,0,141,0%,10.28
https://antidote.fit/clinic/view/rise-skin-and-hair-clinic,0,141,0%,10.29
https://antidote.fit/clinic/view/aruna-skin-clinic,0,141,0%,11.78
https://antidote.fit/clinic/view/raksha-emerg-13-1750438208,0,140,0%,9.46
https://antidote.fit/search?type=discussions&q=Botox,0,139,0%,9.09
https://antidote.fit/clinic/view/4-senses-1-1750438583,0,138,0%,8.44
https://antidote.fit/clinic/view/dr.shahnoor-ali-khan---skincer,0,138,0%,8.67
https://antidote.fit/clinic/view/dr-neha-batr-11-1750457951,0,136,0%,8.72
https://antidote.fit/clinic/view/vcare-hair-and-skin-,0,136,0%,12.24
https://antidote.fit/clinic/view/bliss-derma--10-1750458446,0,135,0%,8.21
https://antidote.fit/clinic/view/posh-dentistry--17-1750461676,0,135,0%,9.01
https://antidote.fit/clinic/view/skin-sanctum-clinic,0,135,0%,9.22
https://antidote.fit/clinic/view/elixir-a-18-1750438439,0,134,0%,10.25
https://antidote.fit/clinic/view/kiran-skin---8-1750457960,0,134,0%,11.01
https://antidote.fit/clinic/view/uncover-lase-11-1750458420,0,133,0%,12.63
https://antidote.fit/clinic/view/dr-sachi-9-1750456463,0,133,0%,12.79
https://antidote.fit/clinic/view/wow-aesthetics-best-skin-and-h,0,131,0%,8.15
https://antidote.fit/clinic/view/b-the-change-by-dr-bansri-18-1750492059,0,131,0%,12.35
https://antidote.fit/clinic/view/venus-skin-clin-17-1750461379,0,130,0%,12.71
https://antidote.fit/clinic/view/kolors-healthcare-attapur,0,130,0%,13.28
https://antidote.fit/clinic/view/kaya-clini-2-1750438250,0,128,0%,9.08
https://antidote.fit/clinic/view/derma-essence-clinic-|-dr.v-harshini-reddy-|b,0,128,0%,10.06
"https://antidote.fit/clinic/view/dr.-anand-international-hair-transplant,-lase",0,128,0%,11.13
https://antidote.fit/clinic/view/dermosphere--13-1750458463,0,127,0%,13.23
https://antidote.fit/clinic/view/kara-ski-3-1750438665,0,124,0%,7.82
https://antidote.fit/clinic/view/dr-harors-we-12-1750458363,0,124,0%,9.66
https://antidote.fit/clinic/view/kosmoderma-skin-hair,0,123,0%,12.87
https://antidote.fit/clinic/view/kevna-beauty----20-1750461875,0,122,0%,10.78
https://antidote.fit/clinic/view/d-white-feat-16-1750438209,0,121,0%,10.07
https://antidote.fit/clinic/view/ak-dermacare-3-1750457088,0,119,0%,10.38
https://antidote.fit/clinic/view/dr-ashwini’s-skin-arc-clinic,0,118,0%,8.13
https://antidote.fit/clinic/view/atharv-skin-&-d,0,118,0%,10.68
https://antidote.fit/clinic/view/vcare-hair-and-skin-clinic---indiranagar,0,117,0%,14
https://antidote.fit/clinic/view/anoos-kukatpally,0,116,0%,6.43
https://antidote.fit/clinic/view/looks-st-17-1750473022,0,116,0%,8.5
https://antidote.fit/clinic/view/healios-cosmoderma,0,115,0%,10.06
https://antidote.fit/clinic/view/melocare-wel-9-1750458627,0,113,0%,7.15
https://antidote.fit/clinic/view/kaizen-s-24-1750479743,0,113,0%,10.73
https://antidote.fit/clinic/view/dr-ritik-17-1750440393,0,113,0%,14.79
https://antidote.fit/clinic/view/drnetis-skin-hair-and-nail-clinic---adva,0,112,0%,8.06
"https://antidote.fit/clinic/view/vr-clinic-cosmetic-dental,skin-and-hair",0,111,0%,6.47
https://antidote.fit/clinic/view/dr-ankita-harijee---plastic-reconstructive-and-aes,0,111,0%,8.6
https://antidote.fit/clinic/view/dr-shaiks-denta-16-1750461576,0,109,0%,8.3
https://antidote.fit/clinic/view/dr-chaha-25-1750438616,0,109,0%,10.51
https://antidote.fit/clinic/view/dr-dixit-cosmetic-dermatology,0,109,0%,10.81
https://antidote.fit/clinic/view/sikara-clinics---banjara-hills,0,108,0%,8.54
https://antidote.fit/clinic/view/bhoumik-heal-2-1750457046,0,108,0%,10.47
https://antidote.fit/clinic/view/dr-shireen-furt,0,108,0%,10.84
https://antidote.fit/clinic/view/arshi-skin-and-hair-clinic---hitec-,0,106,0%,5.4
https://antidote.fit/clinic/view/drudays--16-1750438482,0,106,0%,9.67
https://antidote.fit/clinic/view/divi-speciality-clinics---dermatology---,0,106,0%,13.82
https://antidote.fit/clinic/view/jj-wellness-clinicskin-hairbeauty-and-la,0,105,0%,11.95
https://antidote.fit/clinic/view/cosmalif-3-1750438535,0,104,0%,10.41
https://antidote.fit/clinic/view/makeo--toothsi--0-1750459866,0,104,0%,11.82
https://antidote.fit/clinic/view/brightsi-12-1750438759,0,103,0%,8.36
https://antidote.fit/clinic/view/avni-dermatology---aesthetics-by-dr,0,102,0%,11.83
https://antidote.fit/clinic/view/dr-harors-we-18-1750458596,0,102,0%,12.08
https://antidote.fit/clinic/view/rajbal-skin-clinic,0,102,0%,12.3
https://antidote.fit/community/thread/73,0,102,0%,52.89
https://antidote.fit/clinic/view/kosmoplus-plastic-su-6-1750461894,0,101,0%,8.09
https://antidote.fit/clinic/view/ashraya--17-1750438811,0,101,0%,9.78
https://antidote.fit/clinic/view/amsha-skin-and-hair-clinic—best-dermatology-and-ae,0,100,0%,10.59
https://antidote.fit/clinic/view/dr-aishanis-aura-ski-8-1750461728,0,99,0%,6.71
https://antidote.fit/clinic/view/dr-aparnas-skin-hair-and-laser-clinic---amber,0,98,0%,11.73
https://antidote.fit/clinic/view/vcare-hair-and--2,0,98,0%,14.82
https://antidote.fit/clinic/view/vlcc-bea-13-1750468968,0,97,0%,10.34
https://antidote.fit/clinic/view/grow-and-glow-h,0,97,0%,10.39
https://antidote.fit/clinic/view/vtiara-h-19-1750438559,0,97,0%,22.93
https://antidote.fit/clinic/view/aura-skin--health-clinic-5-1750492148,0,96,0%,10.29
https://antidote.fit/clinic/view/varsity-skin-2-1750457796,0,96,0%,10.65
https://antidote.fit/clinic/view/dr-anand-16-1750457728,0,96,0%,11.38
https://antidote.fit/clinic/view/cutiqure--dr-7-1750457610,0,95,0%,9.01
https://antidote.fit/clinic/view/dermea-clinic---5-1750460051,0,95,0%,9.27
https://antidote.fit/clinic/view/derma-pu-6-1750455709,0,95,0%,9.35
https://antidote.fit/clinic/view/solface-head-and-neck-sur-11-1750491640,0,94,0%,9.03
https://antidote.fit/clinic/view/ab-skin-clinic,0,94,0%,9.66
https://antidote.fit/clinic/view/isaac-luxe---best-dermatologist-clinic-i,0,94,0%,10.72
https://antidote.fit/clinic/view/dr-youth-16-1750440293,0,93,0%,8.84
https://antidote.fit/clinic/view/bdc-prive-de-7-1750457549,0,93,0%,8.94
https://antidote.fit/clinic/view/orchid-cosmetic-clinics-|-hair-transplant-|-dermat,0,93,0%,9.15
https://antidote.fit/clinic/view/jey-beauty--aestheti-10-1750490276,0,93,0%,10.17
https://antidote.fit/clinic/view/rakee-skin-and-hair-clinic,0,93,0%,12.26
"https://antidote.fit/clinic/view/dr-akshay-skin,-hair-and-laser",0,92,0%,8.6
https://antidote.fit/clinic/view/ira-skin-and-hair-clinic---kom,0,91,0%,10.55
https://antidote.fit/clinic/view/derma-360-skin-hair-and-laser-clinic-jubilee-hills,0,91,0%,10.66
https://antidote.fit/clinic/view/kolors-hair-and-skin-clinic---banjara-hi,0,91,0%,11.84
https://antidote.fit/clinic/view/studio-vogue-lu-16-1750461703,0,91,0%,15.34
https://antidote.fit/clinic/view/misk-beauty-salon-6-1750491387,0,90,0%,7.56
https://antidote.fit/clinic/view/pearl-clin-22-1750438310,0,90,0%,8.42
https://antidote.fit/clinic/view/dr-radhikas-ski,0,89,0%,8.18
https://antidote.fit/clinic/view/----,0,89,0%,10.94
https://antidote.fit/clinic/view/pilgrim--14-1750469969,0,89,0%,11.04
https://antidote.fit/clinic/view/house-of-aes-16-1750458765,0,89,0%,11.38
https://antidote.fit/clinic/view/cutis-sk-13-1750456865,0,89,0%,12.61
https://antidote.fit/clinic/view/kiran-skin-c-15-1750459464,0,88,0%,7.22
https://antidote.fit/clinic/view/drranjit-0-1750438460,0,88,0%,11.14
https://antidote.fit/clinic/view/ccarewel-17-1750455263,0,87,0%,8.56
https://antidote.fit/clinic/view/oliva-skin---6-1750457812,0,87,0%,12.98
https://antidote.fit/clinic/view/layers-clinics---indira-nagar,0,86,0%,6.84
https://antidote.fit/clinic/view/dr-k-pratyushas-skinrx-clinix,0,86,0%,10.14
"https://antidote.fit/clinic/view/gagana-speciality-clinics---skin,-h",0,86,0%,11.24
https://antidote.fit/clinic/view/theory-of-skin-,0,85,0%,9.82
https://antidote.fit/clinic/view/sathyasree-2-1750438302,0,85,0%,11.06
https://antidote.fit/clinic/view/shree-an-24-1750441097,0,84,0%,8.74
https://antidote.fit/clinic/view/miss-noora-s-13-1750459136,0,84,0%,9.63
https://antidote.fit/clinic/view/kaya-clinic---hrbr-layout,0,84,0%,10.14
https://antidote.fit/clinic/view/skye---skin--15-1750438209,0,84,0%,10.29
"https://antidote.fit/clinic/view/5-elements---skin,-hair,-laser,-cos",0,83,0%,5.59
https://antidote.fit/clinic/view/melocare-wel-12-1750459380,0,83,0%,8.47
https://antidote.fit/clinic/view/dr-zees-skinmed-0-1750460149,0,83,0%,9.06
https://antidote.fit/clinic/view/halos-dermatolo-12-1750461247,0,83,0%,10.43
https://antidote.fit/clinic/view/zennara-clinic,0,83,0%,10.46
https://antidote.fit/clinic/view/dr-samir-dalal-5-1750491518,0,83,0%,13.82
https://antidote.fit/clinic/view/maya-medi-spa,0,82,0%,9.91
https://antidote.fit/clinic/view/sephora-dlf--18-1750460108,0,82,0%,10.12
"https://antidote.fit/clinic/view/kaya-clinic---kukatpally,-hyderabad",0,82,0%,10.72
https://antidote.fit/clinic/view/tvacha-skin-and-cosmetology-clinic,0,82,0%,13.16
https://antidote.fit/clinic/view/varchas--4-1750438420,0,81,0%,10.01
https://antidote.fit/clinic/view/mourya-dental-clinic---advanced-aesthetic-dentistr,0,81,0%,11.07
https://antidote.fit/clinic/view/advanced-grohair-and-gloskin-kompally,0,81,0%,14.98
https://antidote.fit/clinic/view/omni-dental--16-1750460206,0,81,0%,15.04
https://antidote.fit/clinic/view/dr-kapil-devs-d-10-1750461210,0,80,0%,6.09
https://antidote.fit/clinic/view/skin-scorre--14-1750458794,0,80,0%,9.74
https://antidote.fit/clinic/view/sohum-ey-10-1750456564,0,80,0%,11.75
https://antidote.fit/clinic/view/vida-ski-14-1750438552,0,80,0%,12.7
https://antidote.fit/clinic/view/fine-line-sk-8-1750458245,0,79,0%,6.11
https://antidote.fit/clinic/view/amway-distri-4-1750457502,0,79,0%,9.63
https://antidote.fit/clinic/view/relive-slimming-and-cosmetic-clinic,0,79,0%,10.97
https://antidote.fit/clinic/view/skinedge-skin-cosmetic--h-11-1750491521,0,78,0%,8.06
https://antidote.fit/clinic/view/layers-clinic-banjarahills,0,78,0%,8.55
https://antidote.fit/clinic/view/cutilyf-3-1750456089,0,78,0%,9.83
https://antidote.fit/clinic/view/makeup-biogr-10-1750438206,0,77,0%,9.01
https://antidote.fit/clinic/view/skinosph-0-1750438414,0,77,0%,9.92
https://antidote.fit/clinic/view/---------den-11-1750459761,0,77,0%,10.01
https://antidote.fit/clinic/view/ra-aesth-12-1750457271,0,77,0%,10.31
https://antidote.fit/clinic/view/ycdc---yogiraj-,0,77,0%,10.84
https://antidote.fit/clinic/view/dr-saba--1-1750455336,0,77,0%,10.91
https://antidote.fit/clinic/view/dr-sachi-2-1750456266,0,76,0%,7.7
https://antidote.fit/clinic/view/panemorfi-ae-12-1750458415,0,76,0%,9.16
https://antidote.fit/clinic/view/dr-samatha,0,76,0%,10.21
https://antidote.fit/clinic/view/seva-skin--child-care-cen-5-1750492772,0,75,0%,7.97
https://antidote.fit/clinic/view/pooja-dental-cl-13-1750461566,0,75,0%,11.25
https://antidote.fit/clinic/all?page=36,0,75,0%,22.93
https://antidote.fit/clinic/view/shah-dental-clinic---5-1750461978,0,74,0%,5.57
https://antidote.fit/clinic/view/saanvis-laser-skin-and-hair-clinic,0,74,0%,13.04
https://antidote.fit/clinic/view/medlinks-aes-1-1750457257,0,74,0%,14.86
https://antidote.fit/clinic/view/act-aestheti-12-1750458593,0,73,0%,10.84
https://antidote.fit/clinic/view/dr-reshm-4-1750455508,0,73,0%,10.89
https://antidote.fit/clinic/view/dr-shankila--9-1750458005,0,73,0%,11.74
https://antidote.fit/clinic/view/skin-and-hair-transplanta,0,73,0%,11.85
https://antidote.fit/clinic/view/cutisurg-d-5-1750438303,0,73,0%,12.88
https://antidote.fit/clinic/view/a-square-multis-0-1750460041,0,72,0%,6.14
https://antidote.fit/clinic/view/vlcc-wellness-clinic--ahm-3-1750491236,0,72,0%,7.33
https://antidote.fit/clinic/view/dr-vaishnavis-skin-c-16-1750462204,0,72,0%,8.6
https://antidote.fit/clinic/view/royal-pearl-ent-3-1750460562,0,72,0%,9.96
https://antidote.fit/clinic/view/dr-surjit-me-11-1750459352,0,72,0%,10.56
https://antidote.fit/clinic/view/my-dentist-vyas-16-1750461867,0,72,0%,10.69
"https://antidote.fit/clinic/view/rxdx-clinics,-w",0,72,0%,20.58
https://antidote.fit/clinic/view/dr-apoorvas--1-1750457116,0,71,0%,6.96
https://antidote.fit/clinic/view/raha-derma-clinic-and-salon,0,71,0%,9.27
https://antidote.fit/clinic/view/dr-priya-1-1750438533,0,71,0%,10.59
https://antidote.fit/clinic/view/assure-cli-10-1750438305,0,71,0%,11.18
https://antidote.fit/clinic/view/dr-anups-hea-7-1750457913,0,70,0%,8.27
https://antidote.fit/clinic/view/sparsha-skin-&-,0,70,0%,11.87
https://antidote.fit/clinic/view/dyu-aest-5-1750438538,0,70,0%,11.99
https://antidote.fit/clinic/view/dr-rajat-kan-13-1750458407,0,70,0%,14.3
https://antidote.fit/clinic/view/dadu-medical-20-1750459550,0,70,0%,30.61
https://antidote.fit/clinic/view/22-luna--1-1750438416,0,69,0%,8.29
https://antidote.fit/clinic/view/osderm-c-12-1750468020,0,69,0%,9.43
https://antidote.fit/clinic/view/dr-dinesh-raj-s-11-1750460914,0,69,0%,10.7
https://antidote.fit/clinic/view/akiya-aesthe-15-1750458995,0,69,0%,10.72
https://antidote.fit/clinic/view/aveda-x-nyka-15-1750458608,0,69,0%,13.25
https://antidote.fit/clinic/view/evenly-ski-7-1750438360,0,68,0%,8.66
https://antidote.fit/clinic/view/dr-divya-jai-11-1750458700,0,68,0%,9.28
https://antidote.fit/clinic/view/goglo-esthetics,0,68,0%,11.51
https://antidote.fit/clinic/view/clinic-derma-19-1750460030,0,68,0%,14.35
https://antidote.fit/clinic/view/vtiara-hair-&-s,0,68,0%,14.75
https://antidote.fit/clinic/view/angel-lu-7-1750455264,0,67,0%,7.64
https://antidote.fit/clinic/view/anoos-somajiguda,0,67,0%,8.25
https://antidote.fit/clinic/view/wellskin--th-16-1750459961,0,67,0%,8.67
https://antidote.fit/clinic/view/akaya---health-and-wellne-9-1750492464,0,67,0%,8.76
https://antidote.fit/clinic/view/kaya-clinic---phoenix-market-c,0,67,0%,8.9
https://antidote.fit/clinic/view/dr-trushas-skinray-c-13-1750462119,0,67,0%,10.13
https://antidote.fit/clinic/view/dr-prash-22-1750440896,0,67,0%,10.54
https://antidote.fit/clinic/view/rushcare-hospitals,0,67,0%,10.78
https://antidote.fit/clinic/view/zenith-aesthetic-car,0,66,0%,8.77
https://antidote.fit/clinic/view/dr-vipin-gup-11-1750458369,0,66,0%,9.27
https://antidote.fit/clinic/view/looks-studio-hair-transplant-c,0,66,0%,9.48
https://antidote.fit/clinic/view/dr-ashwi-2-1750438654,0,66,0%,9.68
https://antidote.fit/clinic/view/surgecare-super,0,66,0%,12.2
https://antidote.fit/clinic/view/oliva-clinic-kukatpally:-laser,0,66,0%,16.53
https://antidote.fit/clinic/view/klarity-skin-0-1750457209,0,65,0%,15.02
https://antidote.fit/clinic/view/skinwood-7-1750455810,0,64,0%,8.95
https://antidote.fit/clinic/view/clinicaderm---hyderabad,0,64,0%,10.64
https://antidote.fit/clinic/view/clinic-n-4-1750438676,0,64,0%,10.88
"https://antidote.fit/clinic/view/kosmoderma-luxe---skin,-hair-and-body-cl",0,64,0%,10.98
https://antidote.fit/clinic/view/abhis-skin--joi-3-1750460397,0,64,0%,11.08
https://antidote.fit/clinic/view/chandru-ent-derma-care,0,64,0%,11.45
https://antidote.fit/clinic/view/advanced-grohair-and-gloskin---banjara-hills,0,64,0%,16.75
https://antidote.fit/clinic/view/cutis-internati,0,64,0%,22.33
https://antidote.fit/clinic/view/aestheticq--skin--ha-13-1750490518,0,63,0%,3.63
https://antidote.fit/clinic/view/health-and-glow---kasturinagar,0,63,0%,5.94
https://antidote.fit/clinic/view/aesthetics-skin-5-1750459993,0,63,0%,8.14
https://antidote.fit/clinic/view/image-clinic-4-1750489673,0,63,0%,8.97
https://antidote.fit/clinic/view/aura-aes-7-1750438707,0,62,0%,8.61
https://antidote.fit/clinic/view/dr-gambhirs--15-1750460223,0,62,0%,9.15
https://antidote.fit/clinic/view/vaibhav-stores---sanjay-nagar:,0,62,0%,9.18
https://antidote.fit/clinic/view/skin-ref-5-1750455515,0,62,0%,10.81
https://antidote.fit/clinic/view/oliva-clinic-cg-road-15-1750462082,0,62,0%,11
https://antidote.fit/clinic/view/vasavi-s-3-1750438586,0,62,0%,11.45
https://antidote.fit/clinic/view/dr-nelog-16-1750456714,0,62,0%,12.03
https://antidote.fit/clinic/view/eternelle-aesthetics,0,62,0%,12.27
https://antidote.fit/clinic/view/amintri-skin-4-1750438203,0,62,0%,12.76
https://antidote.fit/clinic/view/scala-skin---hair-transplant-clinic,0,62,0%,12.77
https://antidote.fit/clinic/view/skin-connect---dr.-aishwarya-katta-,0,61,0%,7.59
https://antidote.fit/clinic/view/prive-luxe-s-11-1750458013,0,61,0%,9.28
https://antidote.fit/clinic/view/n-m-reddy-skin-and-h,0,61,0%,11.46
https://antidote.fit/clinic/view/dr-sidaarth--22-1750460277,0,61,0%,11.66
https://antidote.fit/clinic/view/kaya-clinic---cg-road-19-1750492225,0,61,0%,11.92
https://antidote.fit/clinic/view/syed-skin-and-hair-cosmetology-laser-center,0,61,0%,11.92
https://antidote.fit/clinic/view/kaya-cli-11-1750466967,0,61,0%,12.41
https://antidote.fit/clinic/view/aura-clinic--17-1750460008,0,60,0%,11.6
https://antidote.fit/clinic/view/advanced-17-1750438437,0,60,0%,12.02
https://antidote.fit/clinic/view/skin-point,0,60,0%,13.25
https://antidote.fit/clinic/view/oliva-clin-12-1750438254,0,60,0%,18.9
https://antidote.fit/clinic/view/dr-renu--2-1750457735,0,59,0%,8.66
https://antidote.fit/clinic/view/arshi-skin-and-hair-clinic---madinaguda-,0,59,0%,9.42
https://antidote.fit/clinic/view/skinchim-4-1750438587,0,59,0%,9.8
https://antidote.fit/clinic/view/wellness-3-1750455242,0,59,0%,9.9
https://antidote.fit/clinic/view/lejeune--12-1750438476,0,59,0%,11.08
https://antidote.fit/clinic/view/younique-ski-7-1750457718,0,59,0%,11.08
https://antidote.fit/clinic/view/dr.preethi-skin-clinic,0,59,0%,11.17
https://antidote.fit/clinic/view/beauty-world-0-1750459968,0,59,0%,11.58
https://antidote.fit/clinic/view/dr-nidhis-family-dental-c-10-1750491836,0,59,0%,13.51
https://antidote.fit/clinic/view/dermapuritys-0-1750457440,0,59,0%,22.88
https://antidote.fit/clinic/view/aeon-cli-10-1750455467,0,59,0%,39.86
https://antidote.fit/clinic/view/celebrit-3-1750438464,0,58,0%,4.59
https://antidote.fit/clinic/view/samanvi-skin-clinic---rai,0,58,0%,10.72
https://antidote.fit/clinic/view/subodha-skin-and-cosmetic-clinic,0,58,0%,12.16
https://antidote.fit/clinic/view/clinic-dermatech-hyderaba,0,58,0%,12.72
https://antidote.fit/clinic/view/namaha-h-19-1750457749,0,58,0%,18.26
https://antidote.fit/clinic/view/skin-beliefs-by-dr.s,0,58,0%,19.05
https://antidote.fit/clinic/view/limca-sk-8-1750463737,0,57,0%,7.32
https://antidote.fit/clinic/view/reshine--0-1750456122,0,57,0%,9.09
https://antidote.fit/clinic/view/skin-sum-12-1750439891,0,57,0%,10.81
https://antidote.fit/clinic/view/hair-o-craft-1-1750438202,0,57,0%,11.02
https://antidote.fit/clinic/view/skin-veda-clinics--skin---hair,0,57,0%,13.02
https://antidote.fit/clinic/view/the-blossom--16-1750458622,0,56,0%,5.59
https://antidote.fit/clinic/view/dr-swethas-c-14-1750438208,0,56,0%,10.52
https://antidote.fit/clinic/view/meraki-a-24-1750438447,0,56,0%,11.48
https://antidote.fit/clinic/view/dr-arth-koshia-md-dermato-4-1750491467,0,56,0%,11.64
https://antidote.fit/clinic/view/beau-monde-h-18-1750459766,0,56,0%,12.36
https://antidote.fit/packages/115,0,55,0%,8.35
https://antidote.fit/clinic/view/doctors-hub--6-1750457703,0,55,0%,9.6
https://antidote.fit/clinic/view/naik-skin-clini,0,55,0%,10.09
https://antidote.fit/clinic/view/clair-skin-c-0-1750457595,0,55,0%,10.35
https://antidote.fit/clinic/view/kaya-cli-21-1750457950,0,55,0%,11.09
https://antidote.fit/clinic/view/dr-tejansu-dalal---d-10-1750461901,0,55,0%,11.4
https://antidote.fit/clinic/view/eliixir--19-1750455480,0,55,0%,11.42
https://antidote.fit/clinic/view/the-agel-22-1750477743,0,55,0%,11.53
https://antidote.fit/clinic/view/skin-theory-clinic-dermatology---ae,0,55,0%,14.78
https://antidote.fit/clinic/view/dr-asha-queenco-8-1750460294,0,55,0%,25.8
https://antidote.fit/clinic/view/dento-sm-12-1750455417,0,54,0%,8.63
https://antidote.fit/clinic/view/skinlush-cli-9-1750458061,0,54,0%,9.43
https://antidote.fit/clinic/view/mahani-skin-cli,0,54,0%,9.89
https://antidote.fit/clinic/view/viva-skint-1-1750438250,0,54,0%,11.74
https://antidote.fit/clinic/view/dr-lipy-gupt-21-1750459650,0,54,0%,23.3
https://antidote.fit/clinic/view/oliva-clinic-wh,0,54,0%,36.87
https://antidote.fit/clinic/view/seoulful-1-1750438644,0,53,0%,5.32
https://antidote.fit/clinic/view/dr-charitha,0,53,0%,6.66
https://antidote.fit/clinic/view/the-brown-aesth-6-1750460093,0,53,0%,8.43
https://antidote.fit/clinic/view/derma-360-miyapur-advanced-skin-hai,0,53,0%,10.38
https://antidote.fit/clinic/view/dr-vaibhavi-d-trived-11-1750462089,0,53,0%,11.53
https://antidote.fit/clinic/view/dr-sculpt---dermatology-and-pl,0,53,0%,11.68
https://antidote.fit/clinic/view/drmithras-sk-6-1750438204,0,53,0%,12.7
https://antidote.fit/clinic/view/rajini-l-15-1750438602,0,52,0%,2.94
https://antidote.fit/clinic/view/artistry-clinics:-skin-and-hai,0,52,0%,7.62
https://antidote.fit/clinic/view/advanced-grohair--ad-15-1750490779,0,52,0%,8.15
https://antidote.fit/clinic/view/nice-clinic-16-1750492755,0,52,0%,10.29
https://antidote.fit/clinic/view/advaya-skin-cli,0,52,0%,10.58
https://antidote.fit/clinic/view/haircosm-0-1750438582,0,52,0%,11.17
https://antidote.fit/clinic/view/viva-neuro--ski-10-1750461154,0,52,0%,12.29
https://antidote.fit/clinic/view/my-clinic-8-1750457591,0,51,0%,8.06
https://antidote.fit/clinic/view/gee-vee-beauty--12-1750461465,0,51,0%,9.2
https://antidote.fit/clinic/view/dr-shubhras-skin--hair-cl-14-1750492654,0,51,0%,9.67
https://antidote.fit/clinic/view/vedusha-aest-16-1750458995,0,51,0%,10.37
https://antidote.fit/clinic/view/image-clinic-14-1750490678,0,51,0%,10.51
https://antidote.fit/clinic/view/bansal-skin--2-1750458160,0,51,0%,12.02
https://antidote.fit/clinic/view/yavana-s-17-1750455323,0,51,0%,12.47
https://antidote.fit/clinic/view/dr-anuva-ban-4-1750457789,0,51,0%,12.88
"https://antidote.fit/clinic/view/eudermiz-skin,-hair-and-laser-cente",0,51,0%,12.9
https://antidote.fit/clinic/view/cliniva-dent-14-1750460063,0,50,0%,6.84
https://antidote.fit/clinic/view/impressi-10-1750455414,0,50,0%,9.1
https://antidote.fit/clinic/view/aan-multi-sp-16-1750459148,0,50,0%,9.48
https://antidote.fit/clinic/view/kaya-cli-1-1750455993,0,50,0%,9.74
https://antidote.fit/clinic/view/resilien-13-1750438478,0,50,0%,9.82
https://antidote.fit/clinic/view/heta-skin-clinic-abh-1-1750461513,0,50,0%,10.6
https://antidote.fit/clinic/view/facile-clinic,0,50,0%,11.9
https://antidote.fit/clinic/view/dr-seema-22-1750438612,0,50,0%,13.68
"https://antidote.fit/clinic/view/oliva-clinic-gachibowli,-hyder",0,50,0%,30.06
https://antidote.fit/clinic/view/health--gl-6-1750438252,0,49,0%,6.59
https://antidote.fit/clinic/view/maira-wellness-clinic---hsr-la,0,49,0%,7.92
https://antidote.fit/clinic/view/kaya-clinic---n,0,49,0%,9.06
https://antidote.fit/clinic/search?city=New Delhi,0,49,0%,9.12
https://antidote.fit/clinic/view/omega-clinics,0,49,0%,10.8
https://antidote.fit/clinic/view/dermapro-clinic---skin-hair-and-lasers---dr-b.sruj,0,49,0%,11.69
https://antidote.fit/clinic/view/harsha-hospitals---g,0,49,0%,12.16
https://antidote.fit/clinic/view/labelle-weight-,0,49,0%,14.14
https://antidote.fit/clinic/view/sparha-advanced-aesthetic-studio,0,48,0%,9.23
https://antidote.fit/clinic/view/shree-shyam--15-1750458822,0,48,0%,10.29
https://antidote.fit/clinic/view/dr.-vijaya-bhaskar-mallela,0,48,0%,10.31
https://antidote.fit/clinic/view/resplendent--17-1750458972,0,48,0%,11.62
https://antidote.fit/clinic/view/kaya-clinic---banjara-hills-hy,0,48,0%,15.88
https://antidote.fit/clinic/view/health--glow---nexus,0,47,0%,7.34
https://antidote.fit/clinic/view/indiras-lifecar-4-1750460151,0,47,0%,7.66
https://antidote.fit/clinic/view/metphi-c-11-1750438548,0,47,0%,10.62
https://antidote.fit/clinic/view/ira-skin-and-hair-clinic---alw,0,47,0%,11.49
https://antidote.fit/clinic/view/iskin-cl-24-1750438615,0,47,0%,13.81
https://antidote.fit/clinic/view/pachouli-lux-4-1750458415,0,46,0%,7.41
https://antidote.fit/clinic/view/advanced-6-1750438468,0,46,0%,8.37
https://antidote.fit/clinic/view/berkowits-hair-and-skin-clinic,0,46,0%,10.98
"https://antidote.fit/clinic/view/dr.nishant’s-skin,-hair---laser-cli",0,46,0%,11.33
https://antidote.fit/clinic/view/vcare-hair-and-skin-clinic---malleshwara,0,46,0%,13.2
https://antidote.fit/clinic/view/fms-skin-and-hair-clinic---jub,0,46,0%,13.26
https://antidote.fit/clinic/view/dira-cli-6-1750461965,0,45,0%,6.58
https://antidote.fit/clinic/view/reflecti-5-1750439190,0,45,0%,8.02
"https://antidote.fit/clinic/view/surakshaa-skin,",0,45,0%,8.58
https://antidote.fit/clinic/view/byzance-dr-dhara-viral-pa-17-1750492009,0,45,0%,9.47
https://antidote.fit/clinic/view/ravi-corner-8-1750459051,0,45,0%,10.11
https://antidote.fit/clinic/view/layers-clinic-kothaguda,0,45,0%,10.6
https://antidote.fit/clinic/view/biowave-heal-2-1750457742,0,45,0%,11.29
https://antidote.fit/clinic/view/varchas-wellnes,0,45,0%,12.18
https://antidote.fit/clinic/view/radiance-skin-a-18-1750461479,0,45,0%,12.56
"https://antidote.fit/clinic/view/labelle-weight-loss-clinic,-slimmin",0,45,0%,13.38
https://antidote.fit/clinic/view/surgiderma-23-1750438367,0,44,0%,7.18
https://antidote.fit/clinic/view/nutrition-bo-0-1750457541,0,44,0%,7.41
"https://antidote.fit/clinic/view/skintis---best-skin,-hair-and-laser-clin",0,44,0%,7.55
https://antidote.fit/clinic/view/vasu-hair-an-9-1750457920,0,44,0%,8.48
https://antidote.fit/clinic/view/kavan-skin-aesthetic-12-1750462002,0,44,0%,8.77
https://antidote.fit/clinic/view/cd-lush-by-c-15-1750459392,0,44,0%,9.66
https://antidote.fit/clinic/view/skinray-skin-&-,0,44,0%,10.48
https://antidote.fit/clinic/view/health---8-1750438593,0,44,0%,10.73
https://antidote.fit/clinic/view/sculpt-the-24-1750438258,0,44,0%,11.75
https://antidote.fit/clinic/view/kosmoderma-skin-1,0,44,0%,15.48
https://antidote.fit/clinic/view/jaipur-dental-hospital-17-1750492868,0,44,0%,16.73
https://antidote.fit/clinic/view/romo-bea-1-1750438787,0,44,0%,28.34
https://antidote.fit/clinic/view/snehvedi-16-1750455313,0,43,0%,6.86
https://antidote.fit/clinic/view/the-new-body-perfect-and-smile,0,43,0%,8.88
https://antidote.fit/clinic/view/dr-health-clinic---best-trichologis,0,43,0%,9.44
https://antidote.fit/clinic/view/jayanthi-skin-and-cosmetic-clinic,0,43,0%,9.72
https://antidote.fit/clinic/view/dermaqure-sk-19-1750438211,0,43,0%,10.07
https://antidote.fit/clinic/view/klinik-morph-17-1750458809,0,43,0%,10.26
https://antidote.fit/clinic/view/dr-veena-17-1750438556,0,43,0%,11.3
https://antidote.fit/clinic/view/derm-saga---skin-and-hair-clinic---,0,43,0%,11.44
https://antidote.fit/clinic/view/the-skin-sensé,0,43,0%,11.47
https://antidote.fit/clinic/view/skinlab-by-dr.-jamuna-pai,0,43,0%,12.7
https://antidote.fit/clinic/view/derma-glow-skin-hair-and-laser-clinic,0,43,0%,12.81
https://antidote.fit/clinic/view/contours---plastic-and-cosmetic-surgery-,0,43,0%,13.56
https://antidote.fit/clinic/view/ckallos-skin-and-hair-transplantati,0,43,0%,22.4
https://antidote.fit/clinic/view/d-aesthetix--2-1750457108,0,42,0%,4.57
https://antidote.fit/clinic/view/excel-hospit-14-1750459473,0,42,0%,8.19
https://antidote.fit/clinic/view/advanced-grohai,0,42,0%,9.12
https://antidote.fit/clinic/view/facethetics--6-1750458670,0,42,0%,9.52
https://antidote.fit/clinic/view/skinfollix-c-14-1750458314,0,42,0%,10.45
https://antidote.fit/clinic/view/oliva-clinic-dilsukhnagar:-laser-ha,0,42,0%,11.19
https://antidote.fit/clinic/view/allana-of-new-york,0,41,0%,6.63
https://antidote.fit/clinic/view/epicorium--6-1750438304,0,41,0%,8.27
https://antidote.fit/clinic/view/drmanisha-ra-2-1750457465,0,41,0%,9.44
https://antidote.fit/clinic/view/vlcc-beauty-clinic-k-8-1750490217,0,41,0%,9.9
https://antidote.fit/clinic/view/ojas-skin-ca-16-1750458817,0,41,0%,10.78
https://antidote.fit/clinic/view/nykaa-luxe-1-1750458454,0,41,0%,11.2
https://antidote.fit/clinic/view/the-well-15-1750471021,0,41,0%,12.49
https://antidote.fit/clinic/view/skulpt-f-1-1750455401,0,41,0%,14.85
https://antidote.fit/clinic/view/meadows-wellness---w-3-1750489774,0,40,0%,6.25
https://antidote.fit/clinic/view/sara-aes-9-1750455285,0,40,0%,6.78
https://antidote.fit/clinic/view/renee-sk-11-1750456998,0,40,0%,7.25
https://antidote.fit/clinic/view/health--gl-3-1750438251,0,40,0%,7.35
https://antidote.fit/clinic/view/panacea-the-dental-s-16-1750462132,0,40,0%,7.35
https://antidote.fit/clinic/view/sure-cure-cl-11-1750458120,0,40,0%,7.67
https://antidote.fit/clinic/view/health-and-glow---hrbr-layout,0,40,0%,7.72
https://antidote.fit/clinic/view/health--gl-17-1750438364,0,40,0%,9.12
https://antidote.fit/clinic/view/dr-ashoks-skin-hair-and-laser-clinic,0,40,0%,9.28
https://antidote.fit/clinic/view/sanjeeva-2-1750438888,0,40,0%,9.32
https://antidote.fit/clinic/view/cheveuderm-17-1750438308,0,40,0%,9.65
https://antidote.fit/clinic/view/dr-soumya-sorag,0,40,0%,9.7
https://antidote.fit/clinic/view/kalon-hair-transplant--co-9-1750492760,0,40,0%,9.78
https://antidote.fit/clinic/view/drderm-speciality-skin-and-cosmetology-clinic---in,0,40,0%,10.53
https://antidote.fit/clinic/view/berkowits-hair--skin-0-1750489534,0,40,0%,11.05
https://antidote.fit/clinic/view/sephora--14-1750457527,0,40,0%,12.03
https://antidote.fit/clinic/view/neo-follic-4-1750438251,0,40,0%,12.07
https://antidote.fit/clinic/view/the-cosmo-clinic-by--12-1750462140,0,40,0%,14.75
https://antidote.fit/clinic/view/dr.-karishma-ae,0,40,0%,26.18
https://antidote.fit/clinic/view/crown--the-h-9-1750458219,0,40,0%,48.25
https://antidote.fit/clinic/view/skin-sprin-20-1750438309,0,39,0%,5.36
https://antidote.fit/clinic/view/drs-point----1-1750458114,0,39,0%,7.15
https://antidote.fit/clinic/view/neoskin-clinic-habsi,0,39,0%,7.46
https://antidote.fit/clinic/view/health-and-glow---yelahanka-new,0,39,0%,7.69
https://antidote.fit/clinic/view/new-u-sk-17-1750455533,0,39,0%,9.36
https://antidote.fit/clinic/view/advanced-grohair--gloskin-10-1750492962,0,39,0%,9.69
https://antidote.fit/clinic/view/nyraa--s-0-1750438531,0,39,0%,9.85
https://antidote.fit/clinic/view/la-grace-1-1750455454,0,39,0%,9.92
https://antidote.fit/clinic/view/dr-amit--3-1750455221,0,39,0%,10.05
https://antidote.fit/clinic/search?city=Kolkata,0,39,0%,10.41
https://antidote.fit/clinic/view/cara-hai-18-1750455311,0,39,0%,10.82
https://antidote.fit/clinic/view/kiran-advanced-skin-hair-,0,39,0%,10.87
https://antidote.fit/clinic/view/amber-skin-hair-clinics,0,39,0%,11.08
https://antidote.fit/clinic/view/kaya-clinic--5-1750458570,0,39,0%,11.21
https://antidote.fit/clinic/view/medicutis-cl-11-1750458206,0,39,0%,11.28
https://antidote.fit/clinic/view/the-derma--21-1750438310,0,39,0%,11.67
https://antidote.fit/clinic/view/smileworks-m-5-1750459219,0,39,0%,12.82
https://antidote.fit/clinic/view/phalswal-den-11-1750458493,0,39,0%,19.23
https://antidote.fit/clinic/view/seyons-clinic-7-1750460799,0,38,0%,6.89
https://antidote.fit/clinic/view/the-eter-3-1750458680,0,38,0%,7.82
https://antidote.fit/clinic/view/carens-healt-6-1750458326,0,38,0%,8.89
https://antidote.fit/clinic/view/dr-rajs-ce-9-1750438361,0,38,0%,9.63
https://antidote.fit/clinic/view/skinlab-clinics,0,38,0%,9.74
https://antidote.fit/clinic/view/reyansh-skin-clinic---dermatologist,0,38,0%,9.84
https://antidote.fit/clinic/view/dr-davids-denta-6-1750460643,0,38,0%,10.26
https://antidote.fit/clinic/view/reflecti-0-1750455452,0,38,0%,10.55
"https://antidote.fit/clinic/view/labelle-weight-loss,-slimming,-skin-and-",0,38,0%,10.92
https://antidote.fit/clinic/view/dr-utpal-4-1750456013,0,38,0%,11.42
https://antidote.fit/clinic/view/holistic-aesthetics---dr.harika---cosmetologist---,0,37,0%,4.49
https://antidote.fit/clinic/view/orofacial-cl-8-1750457711,0,37,0%,6.16
https://antidote.fit/clinic/view/rscc---slimming-|-skin-|-,0,37,0%,7.78
https://antidote.fit/clinic/view/dr-pradeep-kumar-neerunemula--best-gener,0,37,0%,8.62
https://antidote.fit/clinic/view/avanza-h-17-1750455309,0,37,0%,8.81
"https://antidote.fit/clinic/view/skinnics-advanced-dermatology-skin,",0,37,0%,8.92
https://antidote.fit/clinic/view/dr-koyas-5-1750455242,0,37,0%,9.08
https://antidote.fit/clinic/view/vivaa-wellness-,0,37,0%,9.19
https://antidote.fit/clinic/view/dr-khurana-s-20-1750460182,0,37,0%,9.49
https://antidote.fit/clinic/view/kaya-cli-0-1750455893,0,37,0%,9.86
https://antidote.fit/clinic/view/kosmoderma-1-1750438302,0,37,0%,10.62
https://antidote.fit/clinic/view/dr-shruti-ha-5-1750457409,0,37,0%,11.27
https://antidote.fit/clinic/view/dr-pallavi-c-5-1750457818,0,37,0%,12.14
https://antidote.fit/clinic/view/tvaksh-a-1-1750455509,0,37,0%,12.19
https://antidote.fit/clinic/view/swetha-skin-&-h,0,37,0%,12.27
https://antidote.fit/clinic/view/goyal-skin-a-15-1750459102,0,37,0%,12.51
https://antidote.fit/clinic/view/the-dental-v-6-1750459201,0,37,0%,12.51
https://antidote.fit/clinic/view/evoke-hair---14-1750459364,0,37,0%,13.68
https://antidote.fit/doctors,0,37,0%,13.89
https://antidote.fit/clinic/view/aesthetic-aura-skin-and-hair-clinic-jubi,0,36,0%,8.19
https://antidote.fit/clinic/view/health-and-glow---hsr-layout-27th-m,0,36,0%,8.44
https://antidote.fit/clinic/view/rscc---slimming---skin---hair-,0,36,0%,8.56
https://antidote.fit/clinic/view/jordan-skin-clinic,0,36,0%,8.86
https://antidote.fit/clinic/view/maira-wellness-,0,36,0%,8.94
https://antidote.fit/clinic/view/elan-skin-an-1-1750457930,0,36,0%,9.19
https://antidote.fit/clinic/view/dolce-vita-c-17-1750458616,0,36,0%,9.83
https://antidote.fit/clinic/view/rsb-well-0-1750455788,0,36,0%,9.92
https://antidote.fit/clinic/view/dr-asha--16-1750457448,0,36,0%,10.25
https://antidote.fit/clinic/view/bonitaa-skin-an-0-1750459749,0,36,0%,10.39
https://antidote.fit/clinic/view/tolasi-dermatol,0,36,0%,10.42
https://antidote.fit/clinic/view/sai-sparsh-hospitals,0,36,0%,10.53
https://antidote.fit/clinic/view/skin-solutio-10-1750459358,0,36,0%,12
https://antidote.fit/clinic/view/eternoderm---skin-and-hair-clinic,0,36,0%,12.42
https://antidote.fit/clinic/view/dr-puneet-ma-8-1750459157,0,36,0%,13.53
https://antidote.fit/packages/,0,35,0%,1.91
https://antidote.fit/categories,0,35,0%,3.4
https://antidote.fit/clinic/view/rejuve-skin--0-1750457776,0,35,0%,4.71
https://antidote.fit/clinic/view/rd-clini-1-1750455888,0,35,0%,8
https://antidote.fit/clinic/view/tia-clinics---best-hair-transplant-clini,0,35,0%,8.29
https://antidote.fit/clinic/view/dr-brn-padmini-best-plastic-surgeon-in-hyderabad-female-cosmetic-surgeon-rhinoplasty-liposuction-breast-surgeon,0,35,0%,8.77
https://antidote.fit/clinic/view/bharat-h-13-1750439992,0,35,0%,8.86
https://antidote.fit/clinic/view/kaya-clinic--loudon--10-1750490709,0,35,0%,9.03
https://antidote.fit/clinic/view/niramay--2-1750455165,0,35,0%,9.2
https://antidote.fit/clinic/view/everythi-7-1750455248,0,35,0%,10.51
https://antidote.fit/clinic/view/sachdeva-bea-4-1750458576,0,35,0%,11.29
"https://antidote.fit/clinic/view/mohana-skin,-hair-and-aestheti",0,35,0%,11.71
https://antidote.fit/clinic/view/zuri-skin-and-hair-clinic,0,35,0%,12
https://antidote.fit/clinic/view/isaac-lu-6-1750456724,0,35,0%,12.34
https://antidote.fit/clinic/view/nishka-s-21-1750438611,0,35,0%,13.2
https://antidote.fit/clinic/view/contura-cl-0-1750438249,0,35,0%,21.29
"https://antidote.fit/clinic/view/oliva-skin,-hair-and-laser-clinic-b",0,35,0%,27.11
https://antidote.fit/clinic/view/oral-health-clinic-------14-1750492038,0,34,0%,3.62
https://antidote.fit/clinic/view/bon-esthetic-1-1750457877,0,34,0%,6.62
https://antidote.fit/clinic/view/cutisculpt-healthcare,0,34,0%,6.85
https://antidote.fit/clinic/view/shrio-celebrity-cosmetic-clinic-and-hair-tran,0,34,0%,8.29
https://antidote.fit/clinic/view/choice-beauty-parlou-6-1750461765,0,34,0%,8.41
https://antidote.fit/clinic/view/myodent-physiotherapy--de-16-1750492139,0,34,0%,9.03
https://antidote.fit/clinic/view/neoskin-clinic-2,0,34,0%,9.09
https://antidote.fit/clinic/view/aesthetica-skintreat-2-1750461424,0,34,0%,9.26
https://antidote.fit/clinic/view/dr-ruchi-0-1750455559,0,34,0%,9.26
https://antidote.fit/clinic/view/dermaris-3-1750458964,0,34,0%,9.65
https://antidote.fit/clinic/view/lk-hospital-|-malkajgiri-,0,34,0%,9.79
https://antidote.fit/clinic/view/sunshine-ski-6-1750458724,0,34,0%,10.32
https://antidote.fit/clinic/view/nr-makeu-8-1750438471,0,34,0%,10.44
https://antidote.fit/clinic/view/metamorp-7-1750456314,0,34,0%,10.47
https://antidote.fit/clinic/view/sathya-veda-medical-center-సత్య-వేద-మెడికల్-సెంటర్,0,34,0%,10.85
https://antidote.fit/clinic/view/skinologixs-ski,0,34,0%,11.53
https://antidote.fit/clinic/view/neotis-skin-car,0,34,0%,11.79
https://antidote.fit/clinic/view/dr-sneha-9-1750438544,0,34,0%,13.18
https://antidote.fit/clinic/view/beautifu-3-1750456367,0,33,0%,7.58
https://antidote.fit/clinic/view/elite-dental-care-and-aesthetics,0,33,0%,7.97
https://antidote.fit/clinic/view/neuderm-veeha-skin-hair-laser-exper,0,33,0%,9.24
https://antidote.fit/clinic/view/elation-hair--skin-c-6-1750490136,0,33,0%,9.64
https://antidote.fit/clinic/view/dermaville-s-3-1750438203,0,33,0%,9.88
https://antidote.fit/clinic/view/dr-rohini-r-ent-14-1750461272,0,33,0%,10.33
https://antidote.fit/clinic/view/rups-expertise-cosme-12-1750490909,0,33,0%,10.52
https://antidote.fit/clinic/view/rajashri-grandhim-hospitals,0,33,0%,11.39
https://antidote.fit/clinic/view/skinmax-skin-clinic,0,33,0%,11.55
https://antidote.fit/clinic/view/vlcc-beauty-clinic---0-1750489964,0,33,0%,11.67
https://antidote.fit/clinic/view/fms-skin-and-hair-clinic---kon,0,33,0%,11.88
https://antidote.fit/clinic/view/dr-jigna-0-1750455190,0,33,0%,12.33
https://antidote.fit/clinic/view/aayna-clinic-0-1750458354,0,33,0%,13.64
https://antidote.fit/clinic/view/orchid-skin--3-1750457457,0,33,0%,13.82
https://antidote.fit/clinic/view/dr.-keerthana-kalva,0,33,0%,14.06
https://antidote.fit/clinic/view/backstage-me-13-1750458694,0,32,0%,7.47
https://antidote.fit/clinic/view/health-and-glow---frazer-town,0,32,0%,8.81
https://antidote.fit/clinic/view/sant-dental--3-1750459078,0,32,0%,9.03
https://antidote.fit/clinic/view/vem-speciality-clinics---,0,32,0%,9.09
https://antidote.fit/clinic/view/the-skin-22-1750457997,0,32,0%,9.22
https://antidote.fit/clinic/view/glamm-dental-15-1750458415,0,32,0%,9.25
https://antidote.fit/clinic/view/beauty-p-16-1750472021,0,32,0%,9.34
https://antidote.fit/clinic/view/dr-verma-3-1750455457,0,32,0%,9.56
https://antidote.fit/clinic/view/skin-con-4-1750455232,0,32,0%,9.84
https://antidote.fit/clinic/view/dr-guru-advanced-skin-and,0,32,0%,9.88
https://antidote.fit/clinic/view/dr.-shreeshail’s-aesthetics,0,32,0%,10.12
https://antidote.fit/clinic/view/angels-cosmetic-17-1750461516,0,32,0%,10.78
https://antidote.fit/clinic/view/dr-amrit-18-1750440493,0,32,0%,11.72
https://antidote.fit/clinic/view/dermexpe-14-1750456514,0,32,0%,11.94
https://antidote.fit/clinic/view/jivisha-clin-18-1750459404,0,32,0%,12.06
https://antidote.fit/clinic/view/cutis-sk-7-1750456824,0,32,0%,12.75
https://antidote.fit/clinic/view/render-skin--ha-7-1750460252,0,32,0%,12.84
https://antidote.fit/clinic/view/eyeconic-eye-hospital-15-1750491908,0,32,0%,13.09
https://antidote.fit/clinic/view/ak-clinics---ha,0,32,0%,13.22
https://antidote.fit/clinic/view/mahila-bangle-stores,0,32,0%,16.44
https://antidote.fit/clinic/view/dr-anuj-saig-6-1750457918,0,32,0%,17.38
https://antidote.fit/clinic/view/new-look-skin-hair-and-laser-clinic,0,32,0%,58.84
https://antidote.fit/clinic/view/nora-spa-dwa-10-1750457792,0,31,0%,4.77
https://antidote.fit/clinic/view/arogyaveda-hospital-and-health-care,0,31,0%,6.58
https://antidote.fit/clinic/view/glam-aesthetics-premium-lounge---best-aesthetics-c,0,31,0%,8.26
https://antidote.fit/clinic/view/drreeta--3-1750458736,0,31,0%,9.06
https://antidote.fit/clinic/view/berkowits-hair-and-skin-clinic-banaswadi,0,31,0%,9.61
https://antidote.fit/clinic/view/life-slimming-and-cosmeti,0,31,0%,9.65
https://antidote.fit/clinic/view/dermiq-skin-and-hair-clinic,0,31,0%,9.87
https://antidote.fit/clinic/view/mzas-ski-2-1750455510,0,31,0%,10.23
https://antidote.fit/clinic/view/dr-prafullas-0-1750438202,0,31,0%,10.71
https://antidote.fit/clinic/view/skinalaya----14-1750459654,0,31,0%,10.84
https://antidote.fit/clinic/view/parli-cosmetic-and-l-0-1750461592,0,31,0%,10.9
https://antidote.fit/clinic/view/glamore--12-1750455303,0,31,0%,11.23
https://antidote.fit/clinic/view/chosen-2-1750460461,0,31,0%,14.19
https://antidote.fit/clinic/view/advanced-grohair-and-gloskin---sain,0,31,0%,17.29
"https://antidote.fit/clinic/view/oliva-skin,-hai",0,31,0%,22.32
https://antidote.fit/clinic/view/advanced-grohair-and-gloskin---gach,0,30,0%,7.53
https://antidote.fit/clinic/view/toothful-19-1750440594,0,30,0%,8.27
https://antidote.fit/clinic/view/devam-orthodontic--dental-10-1750491656,0,30,0%,8.77
https://antidote.fit/clinic/view/nutrider-14-1750438479,0,30,0%,8.83
https://antidote.fit/clinic/view/dr-vedan-11-1750455416,0,30,0%,9
https://antidote.fit/clinic/view/zenil-ae-19-1750474687,0,30,0%,9.57
https://antidote.fit/clinic/view/aesthetics-b-1-1750458641,0,30,0%,10.07
"https://antidote.fit/clinic/view/kaya-clinic---jayanagar,-benga",0,30,0%,10.5
https://antidote.fit/clinic/view/tatva-skin-clinic,0,30,0%,11.37
https://antidote.fit/clinic/view/venkat-center-for-ae,0,30,0%,11.53
https://antidote.fit/clinic/view/dr-nitin-ver-7-1750458662,0,30,0%,13.9
https://antidote.fit/clinic/view/19-beauty-secrets:-weight-loss,0,30,0%,14.57
https://antidote.fit/clinic/view/dr-tinas-s-13-1750438254,0,30,0%,17.2
https://antidote.fit/clinic/view/dr-dipan-14-1750455337,0,30,0%,19.4
https://antidote.fit/clinic/view/skinamou-18-1750455361,0,29,0%,5.59
https://antidote.fit/clinic/view/shri-laxmi-b-15-1750459754,0,29,0%,8.17
https://antidote.fit/clinic/view/tejasri-dental,0,29,0%,8.76
https://antidote.fit/clinic/view/health--glow--e-4-1750460267,0,29,0%,8.97
https://antidote.fit/clinic/view/skin-shine-advanced-clini,0,29,0%,9.38
https://antidote.fit/clinic/view/skin-mantraa-2-1750457357,0,29,0%,9.55
https://antidote.fit/clinic/view/thera-world-skin-3-1750489715,0,29,0%,10
https://antidote.fit/clinic/view/habibi-family-salon--0-1750489473,0,29,0%,10.14
https://antidote.fit/clinic/view/cutis-sk-14-1750456966,0,29,0%,10.21
https://antidote.fit/clinic/view/bengaluru-hand-centre-and-maya-ent-,0,29,0%,10.86
https://antidote.fit/clinic/view/cure-well-prost-5-1750460174,0,29,0%,11.07
https://antidote.fit/clinic/all?page=57,0,29,0%,11.41
https://antidote.fit/clinic/view/sri-skin-zone,0,29,0%,11.59
https://antidote.fit/clinic/view/dr-navee-16-1750438436,0,29,0%,12.14
https://antidote.fit/clinic/view/akira-sk-11-1750455469,0,29,0%,12.17
https://antidote.fit/clinic/view/skin-decor-18-1750458909,0,29,0%,13.07
https://antidote.fit/clinic/view/dr-augustine-sk-6-1750460352,0,29,0%,13.38
https://antidote.fit/clinic/view/vs-dental--c-5-1750457603,0,28,0%,4.93
https://antidote.fit/clinic/view/dr-suhanis-d-13-1750459904,0,28,0%,6.75
https://antidote.fit/clinic/view/advanced-g-3-1750438303,0,28,0%,7.39
https://antidote.fit/clinic/view/aesthetic-dental-car-10-1750461967,0,28,0%,7.39
https://antidote.fit/clinic/view/advanced-grohair--gl,0,28,0%,8.07
https://antidote.fit/clinic/view/deepti-nadiminti-aesthetics-kukatpally,0,28,0%,8.25
https://antidote.fit/clinic/view/layers-clinics---a.-s.-rao-nag,0,28,0%,8.29
https://antidote.fit/clinic/view/kiara-lifest-24-1750460369,0,28,0%,8.5
https://antidote.fit/clinic/view/renova-a-4-1750438537,0,28,0%,9.18
https://antidote.fit/clinic/view/health-and-glow---sahakarnagar,0,28,0%,9.43
https://antidote.fit/clinic/view/skinmed---hair--18-1750461674,0,28,0%,9.5
https://antidote.fit/clinic/view/neo-skin-clinic---gachibowli,0,28,0%,10.36
https://antidote.fit/clinic/view/regrow-clinic,0,28,0%,10.36
https://antidote.fit/clinic/view/dr-prami-14-1750457300,0,28,0%,10.54
https://antidote.fit/clinic/view/dr-diwaker-sharma-dermato-8-1750491435,0,28,0%,11.04
https://antidote.fit/clinic/view/sparsh-skin--8-1750458762,0,28,0%,11.29
https://antidote.fit/clinic/view/mahi-skin-hair--12-1750460877,0,28,0%,11.36
https://antidote.fit/clinic/view/dr-prati-2-1750456041,0,28,0%,11.57
https://antidote.fit/clinic/view/lalit-beauty-collection---20-1750492275,0,28,0%,11.96
https://antidote.fit/clinic/view/ruva-skinhair---13-1750461347,0,28,0%,12.32
https://antidote.fit/clinic/view/vibhu-surgical-clinic,0,28,0%,13
https://antidote.fit/clinic/view/life-slimming-and-cosmetic-clinic-|-dils,0,28,0%,13.07
https://antidote.fit/clinic/view/clinic-derma-4-1750458702,0,28,0%,13.79
https://antidote.fit/clinic/view/dr-santo-4-1750455960,0,28,0%,19.18
https://antidote.fit/clinic/view/dr-g-n-bandari-|-hand-surgeon-|-han,0,28,0%,24.96
https://antidote.fit/clinic/view/health--gl-10-1750438361,0,27,0%,8.04
https://antidote.fit/clinic/view/dr-naveens---cosmetology--8-1750492861,0,27,0%,9
https://antidote.fit/clinic/view/dr-ruchi-17-1750457495,0,27,0%,9.56
https://antidote.fit/clinic/view/the-smile-lo-19-1750459576,0,27,0%,9.85
https://antidote.fit/clinic/view/dncc-ban-18-1750473970,0,27,0%,9.89
https://antidote.fit/clinic/view/sephora--13-1750457427,0,27,0%,9.96
https://antidote.fit/clinic/all?page=34,0,27,0%,11.41
https://antidote.fit/clinic/view/skintology-skin-and-hair-clinic,0,27,0%,11.52
https://antidote.fit/clinic/view/lavanya-skin-clinic--9-1750461916,0,27,0%,11.63
https://antidote.fit/clinic/view/skin-and-cosmetic-clinic-.-dr.-vidya-ts.,0,27,0%,12
https://antidote.fit/clinic/view/radianz-skin-12-1750458521,0,27,0%,12.63
https://antidote.fit/clinic/view/sparsh-ski-3-1750438358,0,27,0%,13.22
https://antidote.fit/clinic/view/dr.-k-v-chary-skin-&,0,27,0%,13.63
https://antidote.fit/clinic/view/zeeva-hair-clinic-dr-anch-6-1750491334,0,27,0%,13.93
https://antidote.fit/clinic/view/isaac-luxe---9-1750459152,0,27,0%,18.26
https://antidote.fit/clinic/view/dr-rohit-gar-13-1750458621,0,26,0%,7.12
https://antidote.fit/clinic/view/skinmati-16-1750438604,0,26,0%,7.96
https://antidote.fit/clinic/view/vestige-jana-0-1750458121,0,26,0%,8.38
https://antidote.fit/clinic/view/mahadev-phar-4-1750457247,0,26,0%,8.62
https://antidote.fit/clinic/view/skinfluent-clinic----6-1750461626,0,26,0%,8.88
https://antidote.fit/clinic/view/derma-defyn--14-1750459580,0,26,0%,9
https://antidote.fit/clinic/view/skinfini-17-1750457772,0,26,0%,9.19
https://antidote.fit/clinic/view/dncc-ahmedabad-clini-10-1750462039,0,26,0%,9.5
https://antidote.fit/clinic/view/dr.-praneeth-skin.-hair.-laser,0,26,0%,10.15
https://antidote.fit/clinic/view/al-safa-polycli-16-1750461416,0,26,0%,10.23
https://antidote.fit/clinic/view/kosmoderma-skin,0,26,0%,10.23
https://antidote.fit/clinic/view/dr-dhava-10-1750456791,0,26,0%,10.31
https://antidote.fit/clinic/view/dr-mahek-1-1750456735,0,26,0%,10.62
https://antidote.fit/clinic/view/keraderm-clinic-13-1750490840,0,26,0%,10.85
https://antidote.fit/clinic/view/thenewyou---liposcution-and-gy,0,26,0%,11.46
https://antidote.fit/clinic/view/fle-clinic-1-1750459715,0,26,0%,11.85
https://antidote.fit/clinic/view/dr-fiona-sequeira,0,26,0%,12.35
https://antidote.fit/clinic/view/skinlab--12-1750456993,0,26,0%,13.08
https://antidote.fit/clinic/view/dermatol-10-1750456111,0,25,0%,5.92
https://antidote.fit/clinic/view/skin-n-smile-klinic--13-1750462247,0,25,0%,6.88
https://antidote.fit/clinic/view/padma-hospital-_laser-int,0,25,0%,6.92
https://antidote.fit/clinic/view/bond-shine-s-13-1750458570,0,25,0%,7.08
https://antidote.fit/clinic/view/halo-derma-by-dr-aishwary,0,25,0%,7.12
https://antidote.fit/clinic/view/brillian-5-1750455292,0,25,0%,7.36
https://antidote.fit/packages/121,0,25,0%,8.36
https://antidote.fit/clinic/view/arisia---7-1750463017,0,25,0%,8.68
https://antidote.fit/clinic/view/dr-madhavi-g-9-1750458114,0,25,0%,9.36
https://antidote.fit/clinic/view/dr-navjot-ar-5-1750458098,0,25,0%,9.56
https://antidote.fit/clinic/view/orange-hospitals---multispecia,0,25,0%,9.56
https://antidote.fit/clinic/view/dr-balis-bli-11-1750459172,0,25,0%,10.12
https://antidote.fit/clinic/view/beautera-9-1750464682,0,25,0%,10.2
https://antidote.fit/clinic/view/nishul-skin-care-clinic,0,25,0%,10.32
https://antidote.fit/clinic/view/salt-skin-st-3-1750458260,0,25,0%,10.36
https://antidote.fit/clinic/view/medfine-ho-5-1750438252,0,25,0%,11.04
https://antidote.fit/clinic/view/meadows-wellness-7-1750490531,0,25,0%,11.08
https://antidote.fit/clinic/view/dermacare-skin-cosme,0,25,0%,11.12
https://antidote.fit/clinic/view/elysian-aesthetics-–-best-skin-and-hair-clinic-kon,0,25,0%,12.04
https://antidote.fit/clinic/view/inara-sk-8-1750455228,0,25,0%,14.24
https://antidote.fit/clinic/view/phi-skin-19-1750474971,0,25,0%,14.24
https://antidote.fit/clinic/view/enhance--5-1750455342,0,25,0%,18.48
https://antidote.fit/clinic/view/vcare-hair-and--1,0,25,0%,19.44
https://antidote.fit/community/thread/147,0,25,0%,54
https://antidote.fit/clinic/view/jwisha-skin-and-hair-0-1750461462,0,24,0%,6
https://antidote.fit/clinic/view/manchanda-st-12-1750459559,0,24,0%,6.54
https://antidote.fit/clinic/view/amayaha--8-1750456869,0,24,0%,6.67
https://antidote.fit/clinic/view/dermix-skin-hair-clinic,0,24,0%,6.75
https://antidote.fit/clinic/view/dr.-abhishek-vi,0,24,0%,6.92
https://antidote.fit/clinic/view/aesthetic-de-8-1750458580,0,24,0%,7
https://antidote.fit/clinic/view/v-sculpt-aesthetic-clinic,0,24,0%,7.46
https://antidote.fit/clinic/view/sparsh-hospi-20-1750438211,0,24,0%,7.5
https://antidote.fit/clinic/view/dr-basab-sahanas-ski-11-1750490519,0,24,0%,8.38
https://antidote.fit/clinic/view/vivaa-wellness-center---skin-a,0,24,0%,8.54
https://antidote.fit/clinic/view/nm-northside-de-8-1750460953,0,24,0%,8.96
https://antidote.fit/clinic/view/advanced-grohair-and-gloskin-c,0,24,0%,9.17
https://antidote.fit/clinic/view/sk-truderma,0,24,0%,9.38
https://antidote.fit/clinic/view/health-and-glow---horamavu,0,24,0%,9.46
https://antidote.fit/clinic/view/yavana-s-16-1750471685,0,24,0%,9.54
https://antidote.fit/clinic/view/k-skin-b-16-1750457672,0,24,0%,10.46
https://antidote.fit/clinic/view/the-agel-3-1750455912,0,24,0%,11.29
https://antidote.fit/clinic/view/curewell-mul-6-1750458144,0,24,0%,11.58
https://antidote.fit/clinic/view/richen-skin-4-1750458125,0,24,0%,11.67
https://antidote.fit/clinic/view/clinic-derma-5-1750458461,0,24,0%,11.75
https://antidote.fit/clinic/view/clinic-n-10-1750438428,0,24,0%,11.83
https://antidote.fit/clinic/view/skulpted-by--2-1750458214,0,24,0%,12.75
https://antidote.fit/clinic/view/la-derma-skin--hair--18-1750491342,0,24,0%,13.04
https://antidote.fit/clinic/all?page=12,0,24,0%,13.46
https://antidote.fit/clinic/view/metamorp-5-1750456113,0,24,0%,13.96
https://antidote.fit/clinic/view/drjolly--15-1750457571,0,24,0%,14.75
https://antidote.fit/clinic/view/glow---skin-|-beauty-|-we,0,24,0%,15.21
"https://antidote.fit/clinic/view/radiance-skin,-hair-and-cosmetic-ce",0,24,0%,16.46
https://antidote.fit/clinic/view/medispa-hair-8-1750457904,0,24,0%,16.62
https://antidote.fit/clinic/view/oliva-skin-and-hair-clinic-sec,0,24,0%,20.38
https://antidote.fit/clinic/view/wizderm-skin--hair-c-5-1750490266,0,24,0%,23.04
https://antidote.fit/community/thread/63,0,24,0%,53.79
https://antidote.fit/clinic/all,0,23,0%,3.52
https://antidote.fit/clinic/view/the-dental-clinique--malkajgiri,0,23,0%,5.35
https://antidote.fit/clinic/view/body-car-7-1750438592,0,23,0%,6.57
https://antidote.fit/clinic/view/dr-farahs-de-21-1750460826,0,23,0%,7.48
https://antidote.fit/clinic/view/health-and-glow---uttarahalli-,0,23,0%,7.61
https://antidote.fit/clinic/view/scarlete-1-1750456679,0,23,0%,7.7
https://antidote.fit/clinic/view/metamorp-15-1750457118,0,23,0%,8.17
https://antidote.fit/clinic/view/archana--16-1750455423,0,23,0%,8.22
https://antidote.fit/clinic/view/dermacos---dermatology-and-cosmetol,0,23,0%,8.39
https://antidote.fit/clinic/view/dr-regin-20-1750438487,0,23,0%,8.87
https://antidote.fit/clinic/view/estetca-dlar-4-1750457943,0,23,0%,8.96
https://antidote.fit/clinic/view/new-roots---skin-las-4-1750490045,0,23,0%,9.04
https://antidote.fit/clinic/view/angels-luxe---trichology---der,0,23,0%,9.39
https://antidote.fit/clinic/view/dr-rekha-13-1750468684,0,23,0%,9.39
https://antidote.fit/clinic/view/metamorphosi-17-1750459375,0,23,0%,9.39
https://antidote.fit/clinic/view/dr-kaushals-thi-5-1750460707,0,23,0%,10.39
https://antidote.fit/clinic/view/lucidum-aest-2-1750457301,0,23,0%,10.39
https://antidote.fit/clinic/view/synova-c-6-1750461681,0,23,0%,10.7
https://antidote.fit/clinic/view/dermatopia-skin,0,23,0%,10.83
https://antidote.fit/clinic/view/tender-s-8-1750455249,0,23,0%,10.87
https://antidote.fit/clinic/view/skinscience-cli,0,23,0%,11.13
https://antidote.fit/clinic/view/dr-nitin-kum-21-1750459776,0,23,0%,11.17
https://antidote.fit/clinic/view/pro-effex-salon-1-1750461776,0,23,0%,11.39
https://antidote.fit/clinic/view/hairsure-hair-transplant-centre,0,23,0%,13.3
https://antidote.fit/clinic/view/dr-akank-7-1750455218,0,23,0%,14
https://antidote.fit/clinic/view/the-clinics--5-1750457712,0,23,0%,14.57
https://antidote.fit/learn/,0,23,0%,14.78
https://antidote.fit/clinic/view/dermasure-sk-16-1750458515,0,23,0%,15.78
https://antidote.fit/clinic/view/dr-rames-15-1750457347,0,23,0%,16.48
https://antidote.fit/clinic/view/dr-mrinm-14-1750457017,0,23,0%,17.61
https://antidote.fit/clinic/view/manipal-hospita,0,23,0%,22.26
https://antidote.fit/clinic/view/skinpriv---b-9-1750457811,0,22,0%,6.18
https://antidote.fit/clinic/view/health-and-glow---kagadasapura,0,22,0%,7.59
https://antidote.fit/clinic/view/prime-derm-skin-and-hair-clini,0,22,0%,7.68
https://antidote.fit/clinic/view/finesse--1-1750457014,0,22,0%,8.55
https://antidote.fit/clinic/view/wizderm-speciality-s-3-1750461614,0,22,0%,8.68
https://antidote.fit/clinic/view/in-my-skin---aesthetic-dermatology-clinic,0,22,0%,8.95
https://antidote.fit/clinic/view/eligere-ho-12-1750438306,0,22,0%,9.55
https://antidote.fit/clinic/view/kimaya-s-18-1750457873,0,22,0%,9.55
https://antidote.fit/clinic/view/dr-agarwals-eye,0,22,0%,9.64
https://antidote.fit/clinic/view/tvameva--1-1750455200,0,22,0%,9.91
https://antidote.fit/clinic/view/clinic-skin--17-1750458495,0,22,0%,10.68
https://antidote.fit/clinic/view/calcutta-cosmo-aid-3-1750489512,0,22,0%,11.36
https://antidote.fit/clinic/view/dr-hetal-18-1750457702,0,22,0%,11.5
https://antidote.fit/clinic/view/dr-mona-swam-14-1750459129,0,22,0%,11.73
https://antidote.fit/clinic/view/g-skin--lase-6-1750458617,0,22,0%,12.32
https://antidote.fit/clinic/view/pranahitha-multi-speciality-hospita,0,22,0%,12.41
https://antidote.fit/clinic/view/ara-skin-c-19-1750438309,0,22,0%,12.82
https://antidote.fit/clinic/view/360-wellness-0-1750457960,0,22,0%,14.27
https://antidote.fit/packages/110,0,22,0%,14.36
https://antidote.fit/clinic/view/dr-sejal-16-1750457166,0,22,0%,16.5
https://antidote.fit/clinic/view/drguptas-dental-12-1750461174,0,22,0%,18.27
https://antidote.fit/procedures,0,21,0%,1.38
https://antidote.fit/clinic/view/health--glow---sarja,0,21,0%,6.62
https://antidote.fit/clinic/view/health-and-glow---kumaraswamy-layout,0,21,0%,6.76
https://antidote.fit/clinic/view/dermaton-17-1750438484,0,21,0%,7.95
https://antidote.fit/clinic/view/atkir-sk-9-1750455413,0,21,0%,8.33
https://antidote.fit/clinic/view/sunrise-dent-13-1750459846,0,21,0%,8.38
https://antidote.fit/clinic/view/kirans-c-7-1750462965,0,21,0%,8.86
https://antidote.fit/clinic/view/dr-r-t-s-9-1750457024,0,21,0%,10.38
https://antidote.fit/clinic/view/sharva-clini-6-1750457510,0,21,0%,10.43
https://antidote.fit/clinic/view/the-tusk-multis-11-1750461254,0,21,0%,10.52
https://antidote.fit/clinic/view/epiglow-derm-5-1750458623,0,21,0%,11.19
https://antidote.fit/clinic/view/yuvanaa-sk-20-1750438257,0,21,0%,11.24
https://antidote.fit/clinic/view/auro-ski-9-1750456011,0,21,0%,11.33
https://antidote.fit/clinic/view/clinic-derma-16-1750459674,0,21,0%,11.71